{"cameraMode":{"drawMode":0,"name":"Shaded","section":"Shading Mode"},"sceneLighting":false,"audioPlay":false,"sceneViewState":{"m_AlwaysRefresh":false,"showFog":true,"showSkybox":false,"showFlares":true,"showImageEffects":true,"showParticleSystems":true,"showVisualEffectGraphs":true,"m_FxEnabled":true},"in2DMode":false,"pivot":{"x":-0.039999961853027347,"y":0.18899911642074586,"z":0.2318953573703766},"rotation":{"x":-0.19822901487350465,"y":-0.12837915122509004,"z":0.02619890309870243,"w":-0.9713588953018189},"size":3.149275302886963,"orthographic":false}