{"cameraMode":{"drawMode":0,"name":"Shaded","section":"Shading Mode"},"sceneLighting":true,"audioPlay":false,"sceneViewState":{"m_AlwaysRefresh":false,"showFog":true,"showSkybox":true,"showFlares":true,"showImageEffects":true,"showParticleSystems":true,"showVisualEffectGraphs":true,"m_FxEnabled":true},"in2DMode":false,"pivot":{"x":0.5799999833106995,"y":0.5400000214576721,"z":-1.659999966621399},"rotation":{"x":-0.13613039255142213,"y":-0.060296595096588138,"z":0.008301027119159699,"w":-0.9888201355934143},"size":0.8086057305335999,"orthographic":false}