{"cameraMode":{"drawMode":0,"name":"Shaded","section":"Shading Mode"},"sceneLighting":false,"audioPlay":false,"sceneViewState":{"m_AlwaysRefresh":false,"showFog":true,"showSkybox":false,"showFlares":true,"showImageEffects":true,"showParticleSystems":true,"showVisualEffectGraphs":true,"m_FxEnabled":true},"in2DMode":false,"pivot":{"x":0.09499996900558472,"y":-0.025000005960464479,"z":-0.03849995136260986},"rotation":{"x":-0.19822901487350465,"y":-0.12837915122509004,"z":0.02619890309870243,"w":-0.9713588953018189},"size":1.5826029777526856,"orthographic":false}