{"cameraMode":{"drawMode":0,"name":"Shaded","section":"Shading Mode"},"sceneLighting":false,"audioPlay":false,"sceneViewState":{"m_AlwaysRefresh":false,"showFog":true,"showSkybox":false,"showFlares":true,"showImageEffects":true,"showParticleSystems":true,"showVisualEffectGraphs":true,"m_FxEnabled":true},"in2DMode":false,"pivot":{"x":0.5799999833106995,"y":-2.657259941101074,"z":-1.6600000858306885},"rotation":{"x":-0.005614683497697115,"y":0.6951092481613159,"z":-0.005428507924079895,"w":-0.7188684940338135},"size":4.904270648956299,"orthographic":false}